uniq_id,score,product_name,image_url
c2d766ca982eca8304150849735ffef9,2.8,Alisha Solid Women's Cycling Shorts,https://drive.google.com/file/d/18IvOjhYu0UmJYZ5vL_7WgwiazJmkzkls/view?usp=share_link
7f7036a6d550aaa89d34c77bd39a5e48,2.1,FabHomeDecor Fabric Double Sofa Bed,https://drive.google.com/file/d/1OpMLTySeoGQk-Vg167LqtvP22D-Cn67h/view?usp=share_link
f449ec65dcbc041b6ae5e6a32717d01b,1.6,AW Bellies,https://drive.google.com/file/d/1wrjXouVzsD4YCzlrZwVBz_aV4nB710XG/view?usp=share_link
0973b37acd0c664e3de26e97e5571454,1.8,Alisha Solid Women's Cycling Shorts,https://drive.google.com/file/d/1SS0TxohE5ou4g0AEFBkbSOP56p2eVjO4/view?usp=share_link
bc940ea42ee6bef5ac7cea3fb5cfbee7,1.6,Sicons All Purpose Arnica Dog Shampoo,https://drive.google.com/file/d/1-pxmUDuADTGXvt9fFLbk2DlwYWHyquh2/view?usp=share_link
c2a17313954882c1dba461863e98adf2,2.8,Eternal Gandhi Super Series Crystal Paper Weights  with Silver Finish,https://drive.google.com/file/d/1Y0CSBy8E9jTH6uzfeSr-G1UibtEfA_Pc/view?usp=share_link
ce5a6818f7707e2cb61fdcdbba61f5ad,1.8,Alisha Solid Women's Cycling Shorts,https://drive.google.com/file/d/1fr1cudA0OUx6qDXVd3Z6ItfFlC6qTD_J/view?usp=share_link
8542703ca9e6ebdf6d742638dfb1f2ca,4.6,FabHomeDecor Fabric Double Sofa Bed,https://drive.google.com/file/d/1aD_UNLYmWZ34xnmlpcNqX6Yeh-MR1oKD/view?usp=share_link
29c8d290caa451f97b1c32df64477a2c,2.9,"dilli bazaaar Bellies, Corporate Casuals, Casuals",https://drive.google.com/file/d/15SQztB_S2saYIvzQu6_2szHLuTYtyWJG/view?usp=share_link
4044c0ac52c1ee4b28777417651faf42,3.6,Alisha Solid Women's Cycling Shorts,https://drive.google.com/file/d/10xZ539w00LMyhF0pqfDEbpMEi88_0jzr/view?usp=share_link
e54bc0a7c3429da2ebef0b30331fe3d2,2.1,Ladela Bellies,https://drive.google.com/file/d/1xBhyAzUeEGFxiMlgTe9bcBgJxV5GRpXG/view?usp=share_link
c73e78fb440ff8972e0762daed4fc109,2.5,Carrel Printed Women's,https://drive.google.com/file/d/15EBdhDTE4PVwvGaEo8HLSBGa4j2ma-dv/view?usp=share_link
c29af37837afcaf44b779eca7c19295f,1.5,Sicons All Purpose Tea Tree Dog Shampoo,https://drive.google.com/file/d/1LX1jBwSoY6LJyaTsN6l3FL4Uda9P5f8u/view?usp=share_link
9aacdecceb404c74abddc513fd2756a8,1.2,Alisha Solid Women's Cycling Shorts,https://drive.google.com/file/d/1g3MJWiOakQ1wgRO05vEnHWz3-o8BuTWu/view?usp=share_link
83c53f8948f508f51d2249b489ca8e7d,2,Freelance Vacuum Bottles 350 ml Bottle,https://drive.google.com/file/d/18IvOjhYu0UmJYZ5vL_7WgwiazJmkzkls/view?usp=share_link
d95b0456a0350bc42f2393c6e84b0f09,3.4,Alisha Solid Women's Cycling Shorts,https://drive.google.com/file/d/1OpMLTySeoGQk-Vg167LqtvP22D-Cn67h/view?usp=share_link
849ab05698081a374215d0b7d18047d0,1.4,FabHomeDecor Fabric Double Sofa Bed,https://drive.google.com/file/d/1wrjXouVzsD4YCzlrZwVBz_aV4nB710XG/view?usp=share_link
c275ee5ac19f774a3ef7da71b40aabd8,2.3,Style Foot Bellies,https://drive.google.com/file/d/1SS0TxohE5ou4g0AEFBkbSOP56p2eVjO4/view?usp=share_link
4f3511c33a6869b1d5102cd97818ef00,3.9,Carrel Printed Women's,https://drive.google.com/file/d/1o25Kmp0eO5x364nhvKHEGLzN8X6gdlmk/view?usp=share_link
7ee3e337474a29b38cfe1f5d4020d633,2.9,FabHomeDecor Fabric Double Sofa Bed,https://drive.google.com/file/d/1Y0CSBy8E9jTH6uzfeSr-G1UibtEfA_Pc/view?usp=share_link
f35f27525ab8f5988d3817ee9bb02ce1,1.8,Sicons Conditioning Conditoner Dog Shampoo,https://drive.google.com/file/d/1fr1cudA0OUx6qDXVd3Z6ItfFlC6qTD_J/view?usp=share_link
ea98a65ad1e1b8688eddf89fbc7b3e27,5,Alisha Solid Women's Cycling Shorts,https://drive.google.com/file/d/1aD_UNLYmWZ34xnmlpcNqX6Yeh-MR1oKD/view?usp=share_link
7a7ba93ab20a2b50fd5a7dc74bcba063,2.6,dongli Printed Boy's Round Neck T-Shirt,https://drive.google.com/file/d/15SQztB_S2saYIvzQu6_2szHLuTYtyWJG/view?usp=share_link
9c26a5d85a59d6a34a199ae1df836ec3,4.6,SWAGGA Women Clogs,https://drive.google.com/file/d/10xZ539w00LMyhF0pqfDEbpMEi88_0jzr/view?usp=share_link
20cf08ae845d5fd8f2b8cf52b3b9d840,2,Kennel Rubber Dumbell With Bell - Small Rubber Rubber Toy For Dog,https://drive.google.com/file/d/1xBhyAzUeEGFxiMlgTe9bcBgJxV5GRpXG/view?usp=share_link
bb41283056536d7af11e994ba4f9db81,2.5,Glus Wedding Lingerie Set,https://drive.google.com/file/d/15EBdhDTE4PVwvGaEo8HLSBGa4j2ma-dv/view?usp=share_link
ea91e47cac68b132887d7fc1175e91c2,1.4,Veelys Shiny White Quad Roller Skates - Size 4.5 UK,https://drive.google.com/file/d/1LX1jBwSoY6LJyaTsN6l3FL4Uda9P5f8u/view?usp=share_link
bec784ef794cf596dbe2cbbaf5427ef0,2.9,Bulaky vanity case Jewellery Vanity Case,https://drive.google.com/file/d/1g3MJWiOakQ1wgRO05vEnHWz3-o8BuTWu/view?usp=share_link
171e0bcea390c17fd70e3ffa6c2cd187,3.9,FDT Women's Leggings,https://drive.google.com/file/d/18IvOjhYu0UmJYZ5vL_7WgwiazJmkzkls/view?usp=share_link
a60ebb7803c6a31795de3f8949cb6f98,3.1,Madcaps C38GR30 Men's Cargos,https://drive.google.com/file/d/1OpMLTySeoGQk-Vg167LqtvP22D-Cn67h/view?usp=share_link
186d40c6852da91166c7eb7856603c51,3.8,Bengal Blooms Rose Artificial Plant  with Pot,https://drive.google.com/file/d/1wrjXouVzsD4YCzlrZwVBz_aV4nB710XG/view?usp=share_link
e71017e224688489edfe856f2308806d,4.9,Indcrown Net Embroidered Semi-stitched Lehenga Choli Material,https://drive.google.com/file/d/1SS0TxohE5ou4g0AEFBkbSOP56p2eVjO4/view?usp=share_link
6286847ee2da18f587503db49511c539,3.5,Shopmania Music Band A5 Notebook Spiral Bound,https://drive.google.com/file/d/10J6bPz9DAGdBWf9e_KEBBticcna3Wayi/view?usp=share_link
0686fec9b70e5039583a38119ca0c835,3.1,Shopmania Music Band A5 Notebook Spiral Bound,https://drive.google.com/file/d/1Y0CSBy8E9jTH6uzfeSr-G1UibtEfA_Pc/view?usp=share_link
ea2406dc597bee2abb6b867fa668501f,4.9,"Tiara Diaries 2016-2017 Designer LA Kaarta ""TAKING ACTION GETTING RESULT"" (Set of 3) B5 Notebook Hard Bound",https://drive.google.com/file/d/1fr1cudA0OUx6qDXVd3Z6ItfFlC6qTD_J/view?usp=share_link
5935ed077915347dc695744df68c565c,4.5,KAJCI Embroidered Women's Waistcoat,https://drive.google.com/file/d/1aD_UNLYmWZ34xnmlpcNqX6Yeh-MR1oKD/view?usp=share_link
89fcdddaad50084e395d0928a7426afe,2.2,Packman 8 x 10 inches Security Bags Without POD Jacket Courier Bag Security Bag,https://drive.google.com/file/d/15SQztB_S2saYIvzQu6_2szHLuTYtyWJG/view?usp=share_link
b9b183aa18d3a721d2ac23e7184525b0,2.7,Pick Pocket Embroidered Women's Waistcoat,https://drive.google.com/file/d/10xZ539w00LMyhF0pqfDEbpMEi88_0jzr/view?usp=share_link
dee64864c0419bec80fbbb94d19bc40d,4.1,Angelfish Silk Potali Potli,https://drive.google.com/file/d/1xBhyAzUeEGFxiMlgTe9bcBgJxV5GRpXG/view?usp=share_link
595f55f2c1293f07ea9ec9fa2bb39f46,4.6,Oye Boy's Dungaree,https://drive.google.com/file/d/15EBdhDTE4PVwvGaEo8HLSBGa4j2ma-dv/view?usp=share_link
547b6585272473ae006bcfbdb47b6ae0,2.7,Nuride Canvas Shoes,https://drive.google.com/file/d/1LX1jBwSoY6LJyaTsN6l3FL4Uda9P5f8u/view?usp=share_link
f6ae9e271a1d4469b4f41124e001e1cc,5,OM SHIVAKRITI Square wall Clock Showpiece  -  38.1 cm,https://drive.google.com/file/d/1g3MJWiOakQ1wgRO05vEnHWz3-o8BuTWu/view?usp=share_link
f5b22eaa5f79e67209612997f4aa215d,3.6,Himmlisch ST381 Magnetic Sun Shade For Maruti Alto,https://drive.google.com/file/d/18IvOjhYu0UmJYZ5vL_7WgwiazJmkzkls/view?usp=share_link
e9eb010ed8313f65f0e049fc3fcffe87,3.4,Rapter BNC-179 BNC Wire Connector,https://drive.google.com/file/d/1OpMLTySeoGQk-Vg167LqtvP22D-Cn67h/view?usp=share_link
6ef0a5eb033cd610d455be7102da5685,5,Vishudh Printed Women's Straight Kurta,https://drive.google.com/file/d/1wrjXouVzsD4YCzlrZwVBz_aV4nB710XG/view?usp=share_link
c9c27aa5dc7df49e82e55e8abb6b4020,4,Vishudh Printed Women's Straight Kurta,https://drive.google.com/file/d/1SS0TxohE5ou4g0AEFBkbSOP56p2eVjO4/view?usp=share_link
8bc90f8a2ab89daa6ea69d42fe24c985,2,Vishudh Printed Women's Anarkali Kurta,https://drive.google.com/file/d/1n2QdR9_LTNVc2wsLqWd4b41qzOK-901g/view?usp=share_link
f04b7e56a6053c465aa03994ae749fba,1.7,BuildTrack PIR Wireless Motion Sensor - One Switch Control Wireless Sensor Security System,https://drive.google.com/file/d/1Y0CSBy8E9jTH6uzfeSr-G1UibtEfA_Pc/view?usp=share_link
e6aa835f620db985ee4389b63ef166ad,2.3,Skayvon SUMMERSIBLE SINGLE PHASE PUMP CONTROLLER Wired Sensor Security System,https://drive.google.com/file/d/1fr1cudA0OUx6qDXVd3Z6ItfFlC6qTD_J/view?usp=share_link
cb02f195bbaabc773c7103accf6614a3,1.4,MASARA Solid Women's Straight Kurta,https://drive.google.com/file/d/1aD_UNLYmWZ34xnmlpcNqX6Yeh-MR1oKD/view?usp=share_link
169902631b89202f0e2079e9cc09b3c7,4.9,Vishudh Printed Women's Straight Kurta,https://drive.google.com/file/d/15SQztB_S2saYIvzQu6_2szHLuTYtyWJG/view?usp=share_link
d8dfa5cfc972119fb2fb7ed330b8be54,1.5,Rapter BNC-047 BNC Wire Connector,https://drive.google.com/file/d/10xZ539w00LMyhF0pqfDEbpMEi88_0jzr/view?usp=share_link
5f16579ecfc3aa5dd8e65afdaa069d4f,3.9,Skayvon SUBMERSIBBLE THREE PHASE PUMP CONTROLLER Wired Sensor Security System,https://drive.google.com/file/d/1xBhyAzUeEGFxiMlgTe9bcBgJxV5GRpXG/view?usp=share_link
06ad8323cf9105f1aaae6515cf08a7d6,3.7,Vishudh Printed Women's Straight Kurta,https://drive.google.com/file/d/15EBdhDTE4PVwvGaEo8HLSBGa4j2ma-dv/view?usp=share_link
6894a5c6bb1d312fc0b65b51d9f65acc,2.5,Behringer Xenyx 502 Analog Sound Mixer,https://drive.google.com/file/d/1LX1jBwSoY6LJyaTsN6l3FL4Uda9P5f8u/view?usp=share_link
3ecb859759e5311cbab6850e98879522,2.8,Vishudh Printed Women's Straight Kurta,https://drive.google.com/file/d/1g3MJWiOakQ1wgRO05vEnHWz3-o8BuTWu/view?usp=share_link
5614ccefd0ab9bee5cd28bf3d38fd12f,1.3,Vishudh Printed Women's Straight Kurta,https://drive.google.com/file/d/18IvOjhYu0UmJYZ5vL_7WgwiazJmkzkls/view?usp=share_link
aff8be089d14317011f1cc3eba810b6d,3.6,MASARA Solid Women's Straight Kurta,https://drive.google.com/file/d/1OpMLTySeoGQk-Vg167LqtvP22D-Cn67h/view?usp=share_link
b75e9fbc54e49dcee551709bd63e243c,1.5,MASARA Solid Women's Straight Kurta,https://drive.google.com/file/d/1wrjXouVzsD4YCzlrZwVBz_aV4nB710XG/view?usp=share_link
d620fa0d35825bb3c0717e9d3446cc97,3.2,Roadster Men's Zipper Solid Cardigan,https://drive.google.com/file/d/1SS0TxohE5ou4g0AEFBkbSOP56p2eVjO4/view?usp=share_link
ee383a337af67ae8ad4f42714d67ddaf,3.5,Vishudh Printed Women's Straight Kurta,https://drive.google.com/file/d/1eTVWT6diThEPlNQe3bQ-dTUEikHpsKWc/view?usp=share_link
97b8a04ee0c6f158ed18a99cfc2bd6ed,1.2,Noor Embroidered Women's Straight Kurta,https://drive.google.com/file/d/1Y0CSBy8E9jTH6uzfeSr-G1UibtEfA_Pc/view?usp=share_link
154968876a45c0e99d35b5d57290d0b3,2.9,MASARA Solid Women's Straight Kurta,https://drive.google.com/file/d/1fr1cudA0OUx6qDXVd3Z6ItfFlC6qTD_J/view?usp=share_link
0305111c779fe663bd94122bef0f0002,3.7,Vishudh Printed Women's Straight Kurta,https://drive.google.com/file/d/1aD_UNLYmWZ34xnmlpcNqX6Yeh-MR1oKD/view?usp=share_link
80993e88a0224c71617e37dcd1e17745,4.6,Libas Printed Women's A-line Kurta,https://drive.google.com/file/d/15SQztB_S2saYIvzQu6_2szHLuTYtyWJG/view?usp=share_link
f3ff4d066fa5290970f46762caa5c73a,1.9,Libas Printed Women's Anarkali Kurta,https://drive.google.com/file/d/10xZ539w00LMyhF0pqfDEbpMEi88_0jzr/view?usp=share_link
fabe2ce4a6b7510fa1bac6922156ab7b,2,MASARA Solid Women's Straight Kurta,https://drive.google.com/file/d/1xBhyAzUeEGFxiMlgTe9bcBgJxV5GRpXG/view?usp=share_link
9ec7cf78ff9e728bf1d7eb6609f42188,1,HRS ULTIMATE BOY Chest Pads,https://drive.google.com/file/d/15EBdhDTE4PVwvGaEo8HLSBGa4j2ma-dv/view?usp=share_link
7a7e587d3344885bdb8c77f8b7679483,2,Vermello Men Casual Brown Genuine Leather Belt,https://drive.google.com/file/d/1LX1jBwSoY6LJyaTsN6l3FL4Uda9P5f8u/view?usp=share_link
c497e4250ea07a8a87efa8fda01ae6e0,3,HRS CLUB BOY Thigh Pads,https://drive.google.com/file/d/1g3MJWiOakQ1wgRO05vEnHWz3-o8BuTWu/view?usp=share_link
7db2acfee8298ef8c687d688147c69be,4.1,Ligans NY Men Formal Black Genuine Leather Belt,https://drive.google.com/file/d/18IvOjhYu0UmJYZ5vL_7WgwiazJmkzkls/view?usp=share_link
55b85ea15a1536d46b7190ad6fff8ce7,2.2,Elegance Polyester Multicolor Abstract Eyelet Door Curtain,https://drive.google.com/file/d/1OpMLTySeoGQk-Vg167LqtvP22D-Cn67h/view?usp=share_link
8beb2187f33659971647812d8f95af73,1.4,Liza Women Wedges,https://drive.google.com/file/d/1wrjXouVzsD4YCzlrZwVBz_aV4nB710XG/view?usp=share_link
08cb8617f5aacbe98024867f509f6bbc,1,HRS ULTIMATE BOY Elbow Pads,https://drive.google.com/file/d/1SS0TxohE5ou4g0AEFBkbSOP56p2eVjO4/view?usp=share_link
7b72c92c2f6c40268628ec5f14c6d590,3,Sathiyas Cotton Bath Towel,https://drive.google.com/file/d/16a5dq2YmlFKgnANQe_MTYAhMD0Ik75ZS/view?usp=share_link
ae2934c35fd4b0469d507c0b50374ef1,4,HRS ULTIMATE MEN Chest Pads,https://drive.google.com/file/d/1Y0CSBy8E9jTH6uzfeSr-G1UibtEfA_Pc/view?usp=share_link
64d5d4a258243731dc7bbb1eef49ad74,4.5,Eurospa Cotton Terry Face Towel Set,https://drive.google.com/file/d/1fr1cudA0OUx6qDXVd3Z6ItfFlC6qTD_J/view?usp=share_link
d4684dcdc759dd9cdf41504698d737d8,2.4,SANTOSH ROYAL FASHION Cotton Printed King sized Double Bedsheet,https://drive.google.com/file/d/1aD_UNLYmWZ34xnmlpcNqX6Yeh-MR1oKD/view?usp=share_link
1b2c6d2ef16b8b391aa0221ebd673ce3,2.7,CASEDEAL Microsoft Nokia lumia x2 Back Panel,https://drive.google.com/file/d/15SQztB_S2saYIvzQu6_2szHLuTYtyWJG/view?usp=share_link
b129a98c7c0e905ca82fd73db63d9bd0,1.2,Mario Gotze Women's Printed Casual Orange Shirt,https://drive.google.com/file/d/10xZ539w00LMyhF0pqfDEbpMEi88_0jzr/view?usp=share_link
6325b6870c54cd47be6ebfbffa620ec7,4,Jaipur Print Cotton Floral King sized Double Bedsheet,https://drive.google.com/file/d/1xBhyAzUeEGFxiMlgTe9bcBgJxV5GRpXG/view?usp=share_link
b51acbb3e292152a131cde140e0c376a,3.1,Shilpi NHSCN003 Coin Bank,https://drive.google.com/file/d/15EBdhDTE4PVwvGaEo8HLSBGa4j2ma-dv/view?usp=share_link
c3f924e0e4c823c62d58de0c17ba86d6,4.9,Jaipur Print Cotton Floral King sized Double Bedsheet,https://drive.google.com/file/d/1LX1jBwSoY6LJyaTsN6l3FL4Uda9P5f8u/view?usp=share_link
38cc9b40b62bef29b49e3c6b501b9dba,4,Babeezworld Dungaree Baby Boy's  Combo,https://drive.google.com/file/d/1g3MJWiOakQ1wgRO05vEnHWz3-o8BuTWu/view?usp=share_link
a99bd685c5430bdf45a1dd01aabc3200,2.5,Redbag Eight Armed Goddess Sherawali Maa Showpiece  -  10.8 cm,https://drive.google.com/file/d/18IvOjhYu0UmJYZ5vL_7WgwiazJmkzkls/view?usp=share_link
e98fed4f44ec6c5f185a80f8cdd898bb,1.5,"Proence Weight Gainers, Mass Gainers",https://drive.google.com/file/d/1OpMLTySeoGQk-Vg167LqtvP22D-Cn67h/view?usp=share_link
05324708277dbf2f3e8b55a660e91988,3,Discountgod Men's Checkered Casual Shirt,https://drive.google.com/file/d/1wrjXouVzsD4YCzlrZwVBz_aV4nB710XG/view?usp=share_link
9b9dc9b2609d1ee4f5196221eca22eb7,4.4,Silver Streak Men's Printed Casual Denim Shirt,https://drive.google.com/file/d/1SS0TxohE5ou4g0AEFBkbSOP56p2eVjO4/view?usp=share_link
a62b34aa0564cbf03b0132773eab9354,4.7,"Cobra Paris CO6394A1 Analog Watch  - For Men, Boys",https://drive.google.com/file/d/1-meF_8DNlAALiH2iM8GSNwmLA855Qur9/view?usp=share_link
45df3406c4f1301e479c58716c912841,4.3,TEN TEN Women's Black Knee Length Boots Boots,https://drive.google.com/file/d/1Y0CSBy8E9jTH6uzfeSr-G1UibtEfA_Pc/view?usp=share_link
7698cd2c78a1fd6105ef617445da52f9,3.6,"Aries Gold G 729 S-BK Analog Watch  - For Men, Boys",https://drive.google.com/file/d/1fr1cudA0OUx6qDXVd3Z6ItfFlC6qTD_J/view?usp=share_link
2b480f41409d22cb3ba9f71a0242cf1a,5,Carlton Boots,https://drive.google.com/file/d/1aD_UNLYmWZ34xnmlpcNqX6Yeh-MR1oKD/view?usp=share_link
893aa5ed55f7cff2eccea7758d7a86bd,4.8,Maserati Time R8851116001 Analog Watch  - For Boys,https://drive.google.com/file/d/15SQztB_S2saYIvzQu6_2szHLuTYtyWJG/view?usp=share_link
e52f90f908db98de5f78645ccf03024c,4.5,"Vizion 8503B-1RED Cold Light Digital Watch  - For Boys, Girls",https://drive.google.com/file/d/10xZ539w00LMyhF0pqfDEbpMEi88_0jzr/view?usp=share_link
f355cc1ccb08bd0d283ed979b7ee7515,4.6,"Camerii WM64 Elegance Analog Watch  - For Men, Boys",https://drive.google.com/file/d/1xBhyAzUeEGFxiMlgTe9bcBgJxV5GRpXG/view?usp=share_link
f80ba21b9e77fe3a4d0e944f86305f8d,3.1,Reckler Slim Fit Men's Jeans,https://drive.google.com/file/d/15EBdhDTE4PVwvGaEo8HLSBGa4j2ma-dv/view?usp=share_link
41aa2d73a19f0c3438b3c77134696830,2.6,Quechua Arpenaz Novadry Boots,https://drive.google.com/file/d/1LX1jBwSoY6LJyaTsN6l3FL4Uda9P5f8u/view?usp=share_link
c0824c9e7ee6b79006ce698a2a7a413c,4.4,"Colat COLAT_MW20 Sheen Analog Watch  - For Men, Women, Boys, Girls",https://drive.google.com/file/d/1g3MJWiOakQ1wgRO05vEnHWz3-o8BuTWu/view?usp=share_link
15f03b13b010db0a355ae094fddc9e86,2.4,Steppings Trendy Boots,https://drive.google.com/file/d/18IvOjhYu0UmJYZ5vL_7WgwiazJmkzkls/view?usp=share_link
0c7a6176e932cc20399a890433186ab5,1.9,Rochees RW38 Analog Watch  - For Boys,https://drive.google.com/file/d/1OpMLTySeoGQk-Vg167LqtvP22D-Cn67h/view?usp=share_link
0aa9c84298f0b956cb879d87ff728bf8,2.7,"Rorlig RR-028 Expedition Analog Watch  - For Men, Boys",https://drive.google.com/file/d/1wrjXouVzsD4YCzlrZwVBz_aV4nB710XG/view?usp=share_link
a66b8f58ac663190586f5c1a9745e56f,2.7,Catwalk Boots,https://drive.google.com/file/d/1SS0TxohE5ou4g0AEFBkbSOP56p2eVjO4/view?usp=share_link
cf59d4e4b6583f4c4bc32c385d7952d1,2.3,Magnum Footwear Lifestyle,https://drive.google.com/file/d/1VKUNJOOtrgeVp4zAiWuY3NRlEa7N5KgR/view?usp=share_link
dd0e3470a7e6ed76fd69c2da27721041,3.3,T STAR UFT-TSW-005-BK-BR Analog Watch  - For Boys,https://drive.google.com/file/d/1Y0CSBy8E9jTH6uzfeSr-G1UibtEfA_Pc/view?usp=share_link
588d8f7647d36f6e1c162984f2cd9676,4.2,Rialto Boots,https://drive.google.com/file/d/1fr1cudA0OUx6qDXVd3Z6ItfFlC6qTD_J/view?usp=share_link
72c4f4745fbaeb32f8c82a6ce013309d,3.3,Kielz Ladies Boots,https://drive.google.com/file/d/1aD_UNLYmWZ34xnmlpcNqX6Yeh-MR1oKD/view?usp=share_link
41384da51732c0b4df3de8f395714fbb,3.8,"Alfajr WY16B Youth Digital Watch  - For Men, Boys",https://drive.google.com/file/d/15SQztB_S2saYIvzQu6_2szHLuTYtyWJG/view?usp=share_link
dff9da1046a392d71cca8bfb3e1f647e,3.6,La Briza Ashley Boots,https://drive.google.com/file/d/10xZ539w00LMyhF0pqfDEbpMEi88_0jzr/view?usp=share_link
710ed5f2393a4b9e8823aa0029f71f93,2.6,"TAG Heuer CAU1116.BA0858 Formula 1 Analog Watch  - For Boys, Men",https://drive.google.com/file/d/1xBhyAzUeEGFxiMlgTe9bcBgJxV5GRpXG/view?usp=share_link
d6eb521acd9de24c5c3faded2831620a,3,Salt N Pepper 13-019 Femme Black Boots Boots,https://drive.google.com/file/d/15EBdhDTE4PVwvGaEo8HLSBGa4j2ma-dv/view?usp=share_link
029565fee2f177b15e2cb9b7388a6a24,2,Shuz Touch Boots,https://drive.google.com/file/d/1LX1jBwSoY6LJyaTsN6l3FL4Uda9P5f8u/view?usp=share_link
1ed3a04918640144f3c7b91edc15b493,3.3,Wrangler Skanders Fit Men's Jeans,https://drive.google.com/file/d/1g3MJWiOakQ1wgRO05vEnHWz3-o8BuTWu/view?usp=share_link
f5edb6f2171b384ce99a71e52f0a64c9,1.3,Steppings Trendy Boots,https://drive.google.com/file/d/18IvOjhYu0UmJYZ5vL_7WgwiazJmkzkls/view?usp=share_link
e18aace92fadededb348d8488931a1e2,1.3,Salt N Pepper 14-664 Denny Black Boots Boots,https://drive.google.com/file/d/1OpMLTySeoGQk-Vg167LqtvP22D-Cn67h/view?usp=share_link
16655211772e017f8e207c24b8340214,3.1,"Costa Swiss CS-2001 Analog Watch  - For Boys, Men",https://drive.google.com/file/d/1wrjXouVzsD4YCzlrZwVBz_aV4nB710XG/view?usp=share_link
7713ac1bbb7b5c03019314a46076a6f2,1,Crocs Boots,https://drive.google.com/file/d/1SS0TxohE5ou4g0AEFBkbSOP56p2eVjO4/view?usp=share_link
329c5f4d7aced63e1ce3e88f41d5e7e6,3.3,"Breitling AB011010/BB08 131S Chronomat 44 Analog Watch  - For Boys, Men",https://drive.google.com/file/d/1fwCLjkwwBjAWdiwwUaLqIAGicVgaURGJ/view?usp=share_link
130a50a99e78426459f0d909b0bc0f07,3.5,Lyc White Casual Boots,https://drive.google.com/file/d/1Y0CSBy8E9jTH6uzfeSr-G1UibtEfA_Pc/view?usp=share_link
47b08bfc60cb74872ac29ccb93b64ca7,4.2,Myra Comfortable Boots,https://drive.google.com/file/d/1fr1cudA0OUx6qDXVd3Z6ItfFlC6qTD_J/view?usp=share_link
920154acbe49d3202ed7d2ed2df1ea13,2.9,"Calibro SW-125 Analog-Digital Watch  - For Men, Boys",https://drive.google.com/file/d/1aD_UNLYmWZ34xnmlpcNqX6Yeh-MR1oKD/view?usp=share_link
5b085177978f863858eb88c27dfbf01b,3,Get Glamr Designer Uggy Boots,https://drive.google.com/file/d/15SQztB_S2saYIvzQu6_2szHLuTYtyWJG/view?usp=share_link
3b53afd15e056d3ef13be8bbc90a35c9,3.6,Kielz Ladies Boots,https://drive.google.com/file/d/10xZ539w00LMyhF0pqfDEbpMEi88_0jzr/view?usp=share_link
3a9689400032bf48b5487b9a878b90e7,2.4,Kielz Ladies Boots,https://drive.google.com/file/d/1xBhyAzUeEGFxiMlgTe9bcBgJxV5GRpXG/view?usp=share_link
f292c544825690b4f64504befa2875e6,1.5,Rochees RW50 Analog Watch  - For Boys,https://drive.google.com/file/d/15EBdhDTE4PVwvGaEo8HLSBGa4j2ma-dv/view?usp=share_link
ff1a8e7edc438d81753fb1d1e961072a,3.4,Kielz Ladies Boots,https://drive.google.com/file/d/1LX1jBwSoY6LJyaTsN6l3FL4Uda9P5f8u/view?usp=share_link
5b60beedcf050b87e5b5ffcf3291086e,2.7,Salt N Pepper 13-516 Greta Red Boots,https://drive.google.com/file/d/1g3MJWiOakQ1wgRO05vEnHWz3-o8BuTWu/view?usp=share_link
b8950a817c882307669cc6cdc34fbb93,3.3,Fluid DMF-002-GR01 Digital Watch  - For Boys,https://drive.google.com/file/d/18IvOjhYu0UmJYZ5vL_7WgwiazJmkzkls/view?usp=share_link
fb2392b67efbdcd335221c79b880f303,4.8,Steppings Trendy Boots,https://drive.google.com/file/d/1OpMLTySeoGQk-Vg167LqtvP22D-Cn67h/view?usp=share_link
cdc184d8b1f13b6b856e44260398cb98,2,Rialto Boots,https://drive.google.com/file/d/1wrjXouVzsD4YCzlrZwVBz_aV4nB710XG/view?usp=share_link
811ac21c8b5e08260dc0ee4288cbb472,3.2,"Rorlig RR-030 Essentials Analog Watch  - For Men, Boys",https://drive.google.com/file/d/1SS0TxohE5ou4g0AEFBkbSOP56p2eVjO4/view?usp=share_link
a468d980aaecbf4e1018e341772669df,3.6,Wrangler Regular Fit Men's Jeans,https://drive.google.com/file/d/12DjzAoC506imSkGyy_8-XE9DPi_f-FpX/view?usp=share_link
e0a3585aa6424706c5b3fafd9d72a84e,3.2,Steppings Trendy Boots,https://drive.google.com/file/d/1Y0CSBy8E9jTH6uzfeSr-G1UibtEfA_Pc/view?usp=share_link
fd2fed517efb6e4c9824eb12e436d19b,4.4,"Disney DW100230 Digital Watch  - For Boys, Girls",https://drive.google.com/file/d/1fr1cudA0OUx6qDXVd3Z6ItfFlC6qTD_J/view?usp=share_link
a919c3ae44e0f1d2e1e5cafe7ea057ae,3.3,Salt N Pepper 13-167 Marsha Red Boots,https://drive.google.com/file/d/1aD_UNLYmWZ34xnmlpcNqX6Yeh-MR1oKD/view?usp=share_link
08452abdadb3db1e686b94a9c52fc7b6,1.2,"Cartier W6701005 Analog Watch  - For Boys, Men",https://drive.google.com/file/d/15SQztB_S2saYIvzQu6_2szHLuTYtyWJG/view?usp=share_link
eb7148dc532ca3a71f0c88fe1d617b4d,3.1,Bruno Manetti Cannelita Boots,https://drive.google.com/file/d/10xZ539w00LMyhF0pqfDEbpMEi88_0jzr/view?usp=share_link
a8f99924be2c3dc4c6c4d0208f55cc66,2.1,Stylistry Maxis Shde6603brwoboot3104 Boots,https://drive.google.com/file/d/1xBhyAzUeEGFxiMlgTe9bcBgJxV5GRpXG/view?usp=share_link
1e8741b5ae27a513546c94b3f3312aee,2.1,"Lois Caron LCS-4032 Analog Watch  - For Boys, Men",https://drive.google.com/file/d/15EBdhDTE4PVwvGaEo8HLSBGa4j2ma-dv/view?usp=share_link
1cbd0a513268feade315cb09bdfb66e4,4.4,"Felix Y 39 Analog Watch  - For Boys, Men",https://drive.google.com/file/d/1LX1jBwSoY6LJyaTsN6l3FL4Uda9P5f8u/view?usp=share_link
85bf557c3728428485761f3df2289fc0,3.6,Kielz Boots,https://drive.google.com/file/d/1g3MJWiOakQ1wgRO05vEnHWz3-o8BuTWu/view?usp=share_link
1152067424d4a5a6f562e62692452da0,3.2,Kielz Ladies Boots,https://drive.google.com/file/d/18IvOjhYu0UmJYZ5vL_7WgwiazJmkzkls/view?usp=share_link
c6c1eca6e11a3b8e347feb7c35a29680,2.4,Sakay Country Leather Boots,https://drive.google.com/file/d/1OpMLTySeoGQk-Vg167LqtvP22D-Cn67h/view?usp=share_link
da9e88f44d938a63290cec6ab8bb1871,2.8,La Briza Black Boots,https://drive.google.com/file/d/1wrjXouVzsD4YCzlrZwVBz_aV4nB710XG/view?usp=share_link
a8980adc2e8740e50dc4d305da965409,4.9,"Kool Kidz DMK-012-QU02 Analog Watch  - For Girls, Boys",https://drive.google.com/file/d/1SS0TxohE5ou4g0AEFBkbSOP56p2eVjO4/view?usp=share_link
af6b07bd021da2fba6f993eeda27b2ed,1.3,"Franck Bella FB0128B Analog Watch  - For Men, Boys",https://drive.google.com/file/d/1xPHyA1i2MTyNICs0lmJZU5Zy_DHXJzek/view?usp=share_link
423ec6b3b699983c31faa16a39fcb60e,2.3,Steppings Trendy Boots,https://drive.google.com/file/d/1Y0CSBy8E9jTH6uzfeSr-G1UibtEfA_Pc/view?usp=share_link
78c73a39ced929d204418bcc80f3058d,2.6,"Kool Kidz DMK-003-YL 03 Analog Watch  - For Girls, Boys",https://drive.google.com/file/d/1fr1cudA0OUx6qDXVd3Z6ItfFlC6qTD_J/view?usp=share_link
8be1f8b6f7207c71205c652e0a2cac75,2.9,"Vizion 8502-6BLACK Sports Series Digital Watch  - For Boys, Girls",https://drive.google.com/file/d/1aD_UNLYmWZ34xnmlpcNqX6Yeh-MR1oKD/view?usp=share_link
eb4f1bcaca52402bc2ec1a93dce85013,4.6,Vencer Stella 7lyt1011 Digital Watch  - For Boys,https://drive.google.com/file/d/15SQztB_S2saYIvzQu6_2szHLuTYtyWJG/view?usp=share_link
8a51a9757dd11c3a47f948d99c11a481,3,La Briza Mile Boots,https://drive.google.com/file/d/10xZ539w00LMyhF0pqfDEbpMEi88_0jzr/view?usp=share_link
c9b137687a6ba49b8ac767f9c83b12a5,4,"Casela CAS-W-13 Basic Analog Watch  - For Boys, Girls",https://drive.google.com/file/d/1xBhyAzUeEGFxiMlgTe9bcBgJxV5GRpXG/view?usp=share_link
a6f4e66cf99bce007792c6a8fdbb3d10,1.9,Sneha Unique Boots,https://drive.google.com/file/d/15EBdhDTE4PVwvGaEo8HLSBGa4j2ma-dv/view?usp=share_link
adc5274c2422dbc21185039f7589d3e6,4.2,Timer TC_-_690143 Analog Watch  - For Boys,https://drive.google.com/file/d/1LX1jBwSoY6LJyaTsN6l3FL4Uda9P5f8u/view?usp=share_link
d447a50211d5e0246ccbb3212cc2b8de,4.2,NE Regular Fit Men's Jeans,https://drive.google.com/file/d/1g3MJWiOakQ1wgRO05vEnHWz3-o8BuTWu/view?usp=share_link
077967ce96ae71fb71a684020f58bc59,2.4,Shuz Touch Boots,https://drive.google.com/file/d/18IvOjhYu0UmJYZ5vL_7WgwiazJmkzkls/view?usp=share_link
1e612e880fe7119f93caf9a1c5ffb6b4,4.2,Kielz Ladies Boots,https://drive.google.com/file/d/1OpMLTySeoGQk-Vg167LqtvP22D-Cn67h/view?usp=share_link
c35ad9935596de3d0d0134a806396072,2.7,"Colat COLAT_M08 Roman Numerals Analog Watch  - For Men, Boys",https://drive.google.com/file/d/1wrjXouVzsD4YCzlrZwVBz_aV4nB710XG/view?usp=share_link
8782cc47269fa18d54998b55ed1124a9,2,Kielz Ladies Boots,https://drive.google.com/file/d/1SS0TxohE5ou4g0AEFBkbSOP56p2eVjO4/view?usp=share_link
45ec8cf2bd446146b8ae743e7803ab8f,2.7,Belle Gambe Boots,https://drive.google.com/file/d/1hBfovdL4m5mCQXMwfrjTP-IFNp0z5yvQ/view?usp=share_link
189fa66a5fa6f08d2802a62ecf0be298,2.7,"Titan 1639SL03 Analog Watch  - For Boys, Men",https://drive.google.com/file/d/1Y0CSBy8E9jTH6uzfeSr-G1UibtEfA_Pc/view?usp=share_link
eca609c78e79ab510dc43cffeef22cc2,3.7,Selfie Boots,https://drive.google.com/file/d/1fr1cudA0OUx6qDXVd3Z6ItfFlC6qTD_J/view?usp=share_link
8e802c5ef0aa3d98654d8b61e21a9cee,1.2,Clincher Semonday Boots,https://drive.google.com/file/d/1aD_UNLYmWZ34xnmlpcNqX6Yeh-MR1oKD/view?usp=share_link
bbb8cdc5406ff60ff06ff64630f2ca47,3.3,"Srushti Art Jewelry Megnet_Led_Sport_BlackRed1 Digital Watch  - For Men, Women, Boys, Girls",https://drive.google.com/file/d/15SQztB_S2saYIvzQu6_2szHLuTYtyWJG/view?usp=share_link
a7217cbdcf32fcfc22080c02b2bdb2b9,3.5,Kielz Ladies Boots,https://drive.google.com/file/d/10xZ539w00LMyhF0pqfDEbpMEi88_0jzr/view?usp=share_link
807302011d3d8f4d88860cff2cb16dee,4.5,"Q&Q VQ13-008 Analog Watch  - For Girls, Boys",https://drive.google.com/file/d/1xBhyAzUeEGFxiMlgTe9bcBgJxV5GRpXG/view?usp=share_link
4527bbaf1bec166066c5ca90e4992655,3,Belle Gambe Boots,https://drive.google.com/file/d/15EBdhDTE4PVwvGaEo8HLSBGa4j2ma-dv/view?usp=share_link
1120bc768623572513df956172ffefeb,4.4,"Escort E-1700-906_Blk Analog Watch  - For Men, Boys",https://drive.google.com/file/d/1LX1jBwSoY6LJyaTsN6l3FL4Uda9P5f8u/view?usp=share_link
522cc294663f3cf4bf1774d060ef949e,2.2,Roxy Boots,https://drive.google.com/file/d/1g3MJWiOakQ1wgRO05vEnHWz3-o8BuTWu/view?usp=share_link
36b84f61c91a47822d6863963aad5812,4.3,Lee Men's Jeans,https://drive.google.com/file/d/18IvOjhYu0UmJYZ5vL_7WgwiazJmkzkls/view?usp=share_link
a9078723d7abc68d9f5adaf42d502583,2.7,Bruno Manetti 676 Boots,https://drive.google.com/file/d/1OpMLTySeoGQk-Vg167LqtvP22D-Cn67h/view?usp=share_link
65fee026fb77433fdcc4ad8c2f6a0239,3.3,"Estilo 1056 Analog Watch  - For Boys, Men",https://drive.google.com/file/d/1wrjXouVzsD4YCzlrZwVBz_aV4nB710XG/view?usp=share_link
5479bb7028827d60000720a2c135976a,4.4,Jack klein BlackLed Digital Watch  - For Boys,https://drive.google.com/file/d/1SS0TxohE5ou4g0AEFBkbSOP56p2eVjO4/view?usp=share_link
733aa1e801a139fa8dc7be9f0eff5ee0,2,"North Moon IW-005-FK Silicone Ion Digital Watch  - For Boys, Girls, Women",https://drive.google.com/file/d/1xPHyA1i2MTyNICs0lmJZU5Zy_DHXJzek/view?usp=share_link
377acf980df19ffec9fceb3374045aef,4.6,Shuz Touch Boots,https://drive.google.com/file/d/1Y0CSBy8E9jTH6uzfeSr-G1UibtEfA_Pc/view?usp=share_link
e700d9bcf30a1be23a476ca0245865da,3.8,Foot Candy Boots,https://drive.google.com/file/d/1fr1cudA0OUx6qDXVd3Z6ItfFlC6qTD_J/view?usp=share_link
4dcd5dfc481ab82813ff8084589a7e77,4.7,Credos Boots,https://drive.google.com/file/d/1aD_UNLYmWZ34xnmlpcNqX6Yeh-MR1oKD/view?usp=share_link
ba2673ae70331fae9834a1e89222407b,4,"Rich Club Apple Shaped LED Digital Watch  - For Boys, Girls",https://drive.google.com/file/d/15SQztB_S2saYIvzQu6_2szHLuTYtyWJG/view?usp=share_link
da1708ea7bc596fd298546edef0bccfc,1.1,"Skmei AD1031-Black Formal Analog-Digital Watch  - For Men, Boys",https://drive.google.com/file/d/10xZ539w00LMyhF0pqfDEbpMEi88_0jzr/view?usp=share_link
4a64690816ae10828372e143bd6f0bcb,3.7,Kielz Ladies Boots,https://drive.google.com/file/d/1xBhyAzUeEGFxiMlgTe9bcBgJxV5GRpXG/view?usp=share_link
5f081c3b36ae72605ad87d65561802f8,3,"Kms Ironman_Look_Led_Black11 Digital Watch  - For Men, Women, Girls, Boys",https://drive.google.com/file/d/15EBdhDTE4PVwvGaEo8HLSBGa4j2ma-dv/view?usp=share_link
4e4d4d2b9d625ed2401718a411a3ddcb,4,Anand Archies Boots,https://drive.google.com/file/d/1LX1jBwSoY6LJyaTsN6l3FL4Uda9P5f8u/view?usp=share_link
606f4194a6d47bbcae253e22dc261e97,3,Magnum Footwear Lifestyle Boots,https://drive.google.com/file/d/1g3MJWiOakQ1wgRO05vEnHWz3-o8BuTWu/view?usp=share_link
06c75f30f1b28273c4d3b0df8f2e8eb8,2,Steppings Trendy Boots,https://drive.google.com/file/d/18IvOjhYu0UmJYZ5vL_7WgwiazJmkzkls/view?usp=share_link
16e51ebfe30d03f9d1563e0fbc0af062,3.4,Swag 670038 Analog Watch  - For Boys,https://drive.google.com/file/d/1OpMLTySeoGQk-Vg167LqtvP22D-Cn67h/view?usp=share_link
906b3a5912453ffced2dbd0fc4bd495c,4.6,Bonzer Boots,https://drive.google.com/file/d/1wrjXouVzsD4YCzlrZwVBz_aV4nB710XG/view?usp=share_link
7ebca8e1830a1a7041f77c342b1282ee,3.4,Roadster Skinny Fit Fit Men's Jeans,https://drive.google.com/file/d/1SS0TxohE5ou4g0AEFBkbSOP56p2eVjO4/view?usp=share_link
e48133816aeb071339fcb03b9e8c0c32,2.2,Selfie Black Denim Boots,https://drive.google.com/file/d/13cP4uUQU-zokrWVH-7Gcg4pQs0sItRJD/view?usp=share_link
35eab2a05e269441bdcaf6a3bad1b546,1.5,Steppings Boots Boots,https://drive.google.com/file/d/1Y0CSBy8E9jTH6uzfeSr-G1UibtEfA_Pc/view?usp=share_link
a45c097adcf59401d1ac57ac632d8d71,3.7,"Q&Q LLA2-213 Digital Watch  - For Boys, Girls",https://drive.google.com/file/d/1fr1cudA0OUx6qDXVd3Z6ItfFlC6qTD_J/view?usp=share_link
dfa536b435f093dc6ad6f1d5094eb726,1.8,Belle Gambe Winter Boots,https://drive.google.com/file/d/1aD_UNLYmWZ34xnmlpcNqX6Yeh-MR1oKD/view?usp=share_link
ccfdfc13491abbf4225b1e31c83f7a9f,1.2,"Hala Red In Black trendy digital Digital Watch  - For Boys, Girls, Men",https://drive.google.com/file/d/15SQztB_S2saYIvzQu6_2szHLuTYtyWJG/view?usp=share_link
37d02e85eecd26fd35d72383f237c393,3.6,Kielz Ladies Boots,https://drive.google.com/file/d/10xZ539w00LMyhF0pqfDEbpMEi88_0jzr/view?usp=share_link
16c2a51f0221e07bf1c3fc6b9e8e9f91,1.9,Kielz Boots,https://drive.google.com/file/d/1xBhyAzUeEGFxiMlgTe9bcBgJxV5GRpXG/view?usp=share_link
62c35de4df27437d3597963fac55a8b6,3.9,"Franck Bella FB74C Analog Watch  - For Boys, Men",https://drive.google.com/file/d/15EBdhDTE4PVwvGaEo8HLSBGa4j2ma-dv/view?usp=share_link
70a5697b744f4d9c643fb961bbe2da6d,4.9,Carlton London Boots,https://drive.google.com/file/d/1LX1jBwSoY6LJyaTsN6l3FL4Uda9P5f8u/view?usp=share_link
33d97d63c037078cd3f08033966d6a88,4.1,Ridas Apl_led_black Apple Shape Digital Watch  - For Boys,https://drive.google.com/file/d/1g3MJWiOakQ1wgRO05vEnHWz3-o8BuTWu/view?usp=share_link
38f76561c1a98d104bc1a84879a8ff47,1.9,Shuz Touch Boots,https://drive.google.com/file/d/18IvOjhYu0UmJYZ5vL_7WgwiazJmkzkls/view?usp=share_link
e528bc66d53b8e1d8196da5b20f045ab,4.9,La Briza Andria Boots,https://drive.google.com/file/d/1OpMLTySeoGQk-Vg167LqtvP22D-Cn67h/view?usp=share_link
92575fe20a9a1795c4e26c9299166122,2.8,"Skmei 1070BLK Sports Analog-Digital Watch  - For Men, Boys",https://drive.google.com/file/d/1wrjXouVzsD4YCzlrZwVBz_aV4nB710XG/view?usp=share_link
a259ce93922e4a85da7777496d74d7dd,3,Kielz Ladies Boots,https://drive.google.com/file/d/1SS0TxohE5ou4g0AEFBkbSOP56p2eVjO4/view?usp=share_link
fda7cf99231911725aee46d57ce8e6c3,4,Carlton London Boots,https://drive.google.com/file/d/1_FM1l7gaSXGOuopm8A4WdnohMAPRxNXS/view?usp=share_link
d7ca2b06b4f4d3b98c61c377b18a2d6b,4.1,"Skmei AD1057-Dark-Orange Sports Analog-Digital Watch  - For Men, Boys",https://drive.google.com/file/d/1Y0CSBy8E9jTH6uzfeSr-G1UibtEfA_Pc/view?usp=share_link
b7dc0087348ad77ccc09ab6a9c09d2da,1.6,Urban Country Ladies Boots,https://drive.google.com/file/d/1fr1cudA0OUx6qDXVd3Z6ItfFlC6qTD_J/view?usp=share_link
f74476ba64365d97a5be7d375cbf4c7a,4,Now SP-ETHNIC Analog Watch  - For Boys,https://drive.google.com/file/d/1aD_UNLYmWZ34xnmlpcNqX6Yeh-MR1oKD/view?usp=share_link
f9cfba716a28cc866d93111218e82908,4.4,"Disney MSFR190-01B Analog Watch  - For Boys, Girls",https://drive.google.com/file/d/15SQztB_S2saYIvzQu6_2szHLuTYtyWJG/view?usp=share_link
7ffa15f02724bcd799ca7d2ffb673a79,2.3,Get Glamr Designer Yuvu Boots,https://drive.google.com/file/d/10xZ539w00LMyhF0pqfDEbpMEi88_0jzr/view?usp=share_link
3dd037467871ed745e011096149c9fc6,3.6,Kielz Boots,https://drive.google.com/file/d/1xBhyAzUeEGFxiMlgTe9bcBgJxV5GRpXG/view?usp=share_link
a55b4f633fcaee55344ac4aac13cbfa5,4.4,Belle Gambe Boots,https://drive.google.com/file/d/15EBdhDTE4PVwvGaEo8HLSBGa4j2ma-dv/view?usp=share_link
15848e0fa49ab6eabda6d965aedb4f6c,4.2,Remson India Boots,https://drive.google.com/file/d/1LX1jBwSoY6LJyaTsN6l3FL4Uda9P5f8u/view?usp=share_link
,,,
,,,
,,,
,,,
,,,
,,,
,,,
,,,
,,,
,,,
,,,
,,,
,,,
,,,
,,,
,,,
,,,
,,,
,,,
,,,
,,,
,,,
,,,
,,,
,,,
,,,
,,,
,,,
,,,
,,,
,,,
,,,
,,,
,,,
,,,
,,,
,,,
,,,
,,,
,,,
,,,
,,,
,,,
,,,
,,,
,,,
,,,
,,,
,,,
,,,
,,,
,,,
,,,
,,,
,,,
,,,
,,,
,,,
,,,
,,,
,,,
,,,
,,,
,,,
,,,
,,,
,,,
,,,
,,,
,,,
,,,
,,,
,,,
,,,
,,,
,,,
,,,
,,,
,,,
,,,
,,,
,,,
,,,
,,,
,,,
,,,
,,,
,,,
,,,
,,,
,,,
,,,
,,,
,,,
,,,
,,,
,,,
,,,
,,,
,,,
,,,
,,,
,,,
,,,
,,,
,,,
,,,
,,,
,,,
,,,
,,,
,,,
,,,
,,,
,,,
,,,
,,,
,,,
,,,
,,,
,,,
,,,
,,,
,,,
,,,
,,,
,,,
,,,
,,,
,,,
,,,
,,,
,,,
,,,
,,,
,,,
,,,
,,,
,,,
,,,
,,,
,,,
,,,
,,,
,,,
,,,
,,,
,,,
,,,
,,,
,,,
,,,
,,,
,,,
,,,
,,,
,,,
,,,
,,,
,,,
,,,
,,,
,,,
,,,
,,,
,,,
,,,
,,,
,,,
,,,
,,,
,,,
,,,
,,,
,,,
,,,
,,,
,,,
,,,
,,,
,,,
,,,
,,,
,,,
,,,
,,,
,,,
,,,
,,,
,,,
,,,
,,,
,,,
,,,
,,,
,,,
,,,
,,,
,,,
,,,
,,,
,,,
,,,
,,,
,,,
,,,
,,,
